id;g_uid;party_id_to;party_id_from;role_type_id_from;role_type_id_to;from_date;thru_date;relationship_name;position_title;comments;created_by;created_on;updated_by;updated_on
1;f84ad850-0dc3-44de-aacb-78c5af2064ae;75886;96944;19602;99275;2022-08-03T02:27:31;2022-08-03T07:07:22;Jewelery;Rubber withdrawal;invoice Israel Human;2666;2022-08-03T05:35:30;32195;2022-08-02T13:29:11
2;1948d4f7-d3c3-4397-996b-12b5002c3bde;20873;97050;77756;82172;2022-08-02T17:43:57;2022-08-03T03:31:38;supply-chains Islands algorithm;Arkansas Division cyan;District;62446;2022-08-02T18:26:10;99674;2022-08-02T09:30:48
3;e347acf8-36d5-4409-8ba8-7ee5d9a07027;17788;5643;25230;16572;2022-08-03T00:28:53;2022-08-03T08:17:53;plum;Corner Representative;FTP overriding;74560;2022-08-02T10:59:12;94292;2022-08-02T16:44:33
4;6f44a8d5-e19f-4aa2-867d-dcfbf28ae982;80963;62992;93095;74585;2022-08-03T06:27:00;2022-08-02T09:10:39;Michigan efficient;magenta;Sausages;51072;2022-08-02T14:49:59;6773;2022-08-02T17:55:02
5;e6a882ed-70da-418e-8480-9621e54558b4;58398;2853;33831;34313;2022-08-02T14:44:50;2022-08-02T09:12:18;Utah pixel;compress Indiana Fantastic;Synergized Borders;52049;2022-08-02T11:57:34;38417;2022-08-02T23:06:49
6;25d05374-dddc-449a-b1fe-64e4c3d51566;8420;76518;74426;61661;2022-08-03T04:00:22;2022-08-02T16:16:25;Administrator;Tasty;Fresh calculate Barbados;14216;2022-08-02T22:51:17;68158;2022-08-02T13:13:34
7;8acf0496-c7b7-47d6-832e-0cefb6eb593d;70779;43528;68795;94498;2022-08-02T17:08:27;2022-08-03T08:46:52;mindshare Unbranded;interfaces;Tennessee Steel;99469;2022-08-02T16:02:36;95709;2022-08-02T23:48:29
8;3a476d57-5b0d-42a1-b4df-c1d40c23f1d3;40652;77767;85034;48651;2022-08-03T00:07:28;2022-08-03T07:12:55;content Tasty;invoice Function-based;plum help-desk tan;16431;2022-08-03T04:39:58;17657;2022-08-02T18:23:11
9;ee10c872-63e8-468b-a36d-0b4020d2c71f;35607;12698;38044;96821;2022-08-02T23:02:29;2022-08-03T05:41:59;Interactions Causeway Multi-channelled;optical Avon;Maryland Buckinghamshire;67019;2022-08-02T21:29:37;92440;2022-08-03T03:12:03
10;f4d8ff00-91b2-4958-892d-fbe0669378be;22482;26652;27841;72332;2022-08-02T20:15:13;2022-08-02T19:15:54;Unbranded compressing modular;radical core Bedfordshire;rich auxiliary;24453;2022-08-02T13:18:32;27815;2022-08-02T21:33:00
